X,Y,uncorrected mag data (nT),Base station field data (nT),corrected mag data (nT)
0,0,51296.54,51446.1,
0,0.5,51111.62,51446.8,
0,1,51482.96,51447.6,
0,1.5,51333.24,51447.5,
0,2,51356.43,51447.4,
0,2.5,51345.39,51447.4,
0,3,51386.06,51447.3,
0,3.5,51361.78,51447.1,
0,4,51388.59,51446.9,
0,4.5,51402.73,51446.9,
0,5,51386.58,51447.4,
0,5.5,51364.12,51447.4,
0,6,51352.4,51447.5,
0,6.5,51303.89,51447.7,
0,7,51235.96,51447.7,
0,7.5,51228.1,51447.2,
0,8,51238.55,51446.7,
0,8.5,51388.05,51446.6,
0,9,51523.67,51446.7,
0,9.5,51603.99,51446.7,
0,10,51665.78,51446.7,
0,10.5,51487.48,51446.7,
0,11,51651.2,51447,
0,11.5,51501.98,51447.2,
0,12,51373.3,51446.5,
0,12.5,51410.98,51446.3,
0,13,51393.32,51445.9,
0,13.5,51409.12,51446.2,
0,14,51436.47,51446.2,
0,14.5,51288.01,51446.3,
0,15,51524.31,51446.5,
0,15.5,51340.62,51447,
0,16,51317.61,51447.4,
0,16.5,51362.51,51447.5,
0,17,51292.92,51447.8,
0,17.5,51437.41,51448.2,
0,18,51342.87,51448.3,
0,18.5,51291.4,51447.9,
0,19,51360.64,51447.2,
0,19.5,51388.27,51447.1,
0,20,51452.39,51446.8,
0,20.5,51167.53,51446.5,
0,21,51398.76,51446.4,
0,21.5,51074.88,51445.9,
0,22,51324.5,51445.9,
0,22.5,51273.48,51446,
0,23,51334.09,51446.1,
0,23.5,51300.34,51446.5,
0,24,51150.2,51446.4,
0,24.5,51216.59,51446.4,
0,25,51314.36,51445.9,
0,25.5,51174.69,51445.8,
0,26,51257.53,51445.4,
0,26.5,51135.04,51445.2,
0,27,51191.72,51445.4,
0,27.5,51158.96,51445.7,
0,28,51034.56,51445.6,
-0.5,0,51370.8,51445.6,
-0.5,0.5,51188.38,51445.7,
-0.5,1,51426.01,51445.7,
-0.5,1.5,51373.94,51445.6,
-0.5,2,51395.12,51446.4,
-0.5,2.5,51411.09,51446.6,
-0.5,3,51407.22,51446.2,
-0.5,3.5,51383.81,51446,
-0.5,4,51360.6,51446.1,
-0.5,4.5,51405.5,51446.2,
-0.5,5,51358.07,51446.8,
-0.5,5.5,51379.5,51447.1,
-0.5,6,51350.12,51446.9,
-0.5,6.5,51284.02,51446.1,
-0.5,7,51274.86,51446.6,
-0.5,7.5,51244.5,51446.7,
-0.5,8,51379.9,51446.4,
-0.5,8.5,51391.72,51446.5,
-0.5,9,51509.47,51446.4,
-0.5,9.5,51546.07,51446.7,
-0.5,10,51549.74,51446.6,
-0.5,10.5,51523.03,51446.8,
-0.5,11,51514.875,51447.1,
-0.5,11.5,51589.33,51447,
-0.5,12,51642.85,51446.8,
-0.5,12.5,51470.8,51446.8,
-0.5,13,51414.27,51446.7,
-0.5,13.5,51285.34,51446.2,
-0.5,14,51387.3,51446.3,
-0.5,14.5,51330.455,51446.3,
-0.5,15,51430.715,51446.3,
-0.5,15.5,51348.545,51446.6,
-0.5,16,51348.52,51446.7,
-0.5,16.5,51244.84,51447.3,
-0.5,17,51380.97,51447.6,
-0.5,17.5,51350.87,51447.9,
-0.5,18,51427.45,51448,
-0.5,18.5,51271.01,51448.8,
-0.5,19,51413.78,51448.6,
-0.5,19.5,51338.01,51448.9,
-0.5,20,51446.74,51448.6,
-0.5,20.5,51291.01,51448,
-0.5,21,51321.1,51448.1,
-0.5,21.5,51357.67,51447.9,
-0.5,22,51104.31,51447.8,
-0.5,22.5,51296.9,51447.3,
-0.5,23,51336.82,51446.9,
-0.5,23.5,51389.58,51447.3,
-0.5,24,51219.38,51447.8,
-0.5,24.5,51164.57,51447.9,
-0.5,25,51313.35,51448.2,
-0.5,25.5,51093.42,51448.6,
-0.5,26,51212.35,51448.1,
-0.5,26.5,51206.92,51448.4,
-0.5,27,51155.56,51448.1,
-0.5,27.5,50988.54,51448.1,
-0.5,28,50955.235,51447.8,
-1,0,51232.85,51447.6,
-1,0.5,51113.44,51447.4,
-1,1,51369.06,51447.4,
-1,1.5,51370.92,51447.1,
-1,2,51259.89,51447.2,
-1,2.5,51331.44,51447.4,
-1,3,51472.68,51447.1,
-1,3.5,51295.29,51446.9,
-1,4,51312.96,51447,
-1,4.5,51378.95,51447.3,
-1,5,51401.71,51447.6,
-1,5.5,51357.82,51448.1,
-1,6,51289.08,51447.6,
-1,6.5,51240.67,51447.3,
-1,7,51275.24,51447.7,
-1,7.5,51281.39,51448.2,
-1,8,51310.43,51448.3,
-1,8.5,51393.72,51448.3,
-1,9,51431.56,51448.4,
-1,9.5,51414.55,51448.4,
-1,10,51416.15,51448.4,
-1,10.5,51428.36,51448.5,
-1,11,51378.55,51448.1,
-1,11.5,51441.91,51448.1,
-1,12,51346.24,51448.3,
-1,12.5,51499.23,51448.1,
-1,13,51435.22,51448,
-1,13.5,51362.24,51448.2,
-1,14,51338.13,51447.8,
-1,14.5,51372.9,51448.5,
-1,15,51337.12,51448.5,
-1,15.5,51356.47,51448.5,
-1,16,51319.38,51448.6,
-1,16.5,51325.58,51448.9,
-1,17,51316.74,51449.3,
-1,17.5,51340.79,51449.5,
-1,18,51363.35,51450.1,
-1,18.5,51376.76,51450.4,
-1,19,51457.2,51450.1,
-1,19.5,51401.37,51449.4,
-1,20,51329.56,51448.9,
-1,20.5,51414.49,51448.8,
-1,21,51345.37,51449.1,
-1,21.5,51332.3,51449.2,
-1,22,51264.09,51449.5,
-1,22.5,51227.915,51449.6,
-1,23,51134.79,51449.3,
-1,23.5,51483.34,51450,
-1,24,51259.06,51449.1,
-1,24.5,51142.31,51449.9,
-1,25,51245.81,51449.6,
-1,25.5,51052.785,51448.9,
-1,26,51107.15,51448.3,
-1,26.5,51059.25,51448.5,
-1,27,51107.53,51448.4,
-1,27.5,50837.88,51448.5,
-1,28,50875.91,51448.5,
-1.5,0,51232.85,51448.8,
-1.5,0.5,51113.44,51448.6,
-1.5,1,51369.06,51449.1,
-1.5,1.5,51370.92,51449.1,
-1.5,2,51259.89,51419,
-1.5,2.5,51331.44,51449.6,
-1.5,3,51472.68,51450,
-1.5,3.5,51295.29,51449,
-1.5,4,51312.96,51448.5,
-1.5,4.5,51378.95,51448.2,
-1.5,5,51401.71,51448.5,
-1.5,5.5,51357.82,51479.1,
-1.5,6,51289.08,51450,
-1.5,6.5,51240.67,51450,
-1.5,7,51275.24,51449.9,
-1.5,7.5,51281.39,51449.6,
-1.5,8,51310.43,51449.6,
-1.5,8.5,51393.72,51449.4,
-1.5,9,51431.56,51449.5,
-1.5,9.5,51414.55,51449.7,
-1.5,10,51416.15,51449.7,
-1.5,10.5,51428.36,51449.1,
-1.5,11,51378.55,51448.9,
-1.5,11.5,51441.91,51448.8,
-1.5,12,51346.24,51449.3,
-1.5,12.5,51499.23,51449.8,
-1.5,13,51435.22,51450.5,
-1.5,13.5,51362.24,51450.3,
-1.5,14,51338.13,51450.5,
-1.5,14.5,51372.9,51450.5,
-1.5,15,51337.12,51450,
-1.5,15.5,51356.47,51449.7,
-1.5,16,51319.38,51449.4,
-1.5,16.5,51325.58,51449.1,
-1.5,17,51316.74,51449.2,
-1.5,17.5,51340.79,51449,
-1.5,18,51363.35,51448.9,
-1.5,18.5,51376.76,51449.2,
-1.5,19,51457.2,51449.3,
-1.5,19.5,51401.37,51449.8,
-1.5,20,51329.56,51449.9,
-1.5,20.5,51414.49,51449.9,
-1.5,21,51345.37,51449.7,
-1.5,21.5,51332.3,51449.5,
-1.5,22,51264.09,51449.4,
-1.5,22.5,51158.93,51449.2,
-1.5,23,50932.76,51449.4,
-1.5,23.5,51483.34,51448.7,
-1.5,24,51259.06,51448.9,
-1.5,24.5,51120.05,51449.2,
-1.5,25,51245.81,51448.9,
-1.5,25.5,51012.15,51449,
-1.5,26,51107.15,51449,
-1.5,26.5,51059.25,51449.1,
-1.5,27,51059.5,51449.5,
-1.5,27.5,50837.88,51449.8,
-1.5,28,50879.91,51450,
-2,0,51265.965,51450.1,
-2,0.5,51348.6,51450.1,
-2,1,51330.24,51449.9,
-2,1.5,51364.925,51449.9,
-2,2,51289.335,51449.6,
-2,2.5,51430.975,51449.7,
-2,3,52246.935,51449.6,
-2,3.5,51339.815,51449.4,
-2,4,51347.78,51449.4,
-2,4.5,51400.845,51449.3,
-2,5,51380.155,51449.4,
-2,5.5,51400.04,51449.6,
-2,6,51299.465,51449.8,
-2,6.5,51272.27,51450.3,
-2,7,51284.91,51450.2,
-2,7.5,51290.04,51449.9,
-2,8,51330.68,51449.2,
-2,8.5,51397.885,51449.4,
-2,9,51457.175,51449,
-2,9.5,51414.725,51449,
-2,10,51431.885,51448.9,
-2,10.5,51406.28,51449,
-2,11,51466.48,51449.3,
-2,11.5,51410.425,51449.8,
-2,12,51371.64,51449.9,
-2,12.5,51445.175,51449.9,
-2,13,51421.53,51450.3,
-2,13.5,51393.23,51449.9,
-2,14,51285.075,51450.1,
-2,14.5,51372.12,51449.4,
-2,15,51366.44,51450,
-2,15.5,51351.875,51450.2,
-2,16,51327.705,51450.5,
-2,16.5,51313.38,51450.8,
-2,17,51327.785,51450,
-2,17.5,51323.995,51450.3,
-2,18,51299.1,51449.9,
-2,18.5,51410.19,51450,
-2,19,51378.52,51449.6,
-2,19.5,51357.15,51448.8,
-2,20,51292.235,51448.5,
-2,20.5,51491.945,51448.6,
-2,21,51332.775,51448.5,
-2,21.5,51510.155,51448.9,
-2,22,51300.815,51449.5,
-2,22.5,51132.295,51449.6,
-2,23,51078.8,51450,
-2,23.5,51189.515,51450.4,
-2,24,51165.785,51449.9,
-2,24.5,51092.485,51449.5,
-2,25,51150.13,51448.8,
-2,25.5,51114.41,51448.7,
-2,26,51131.725,51448.1,
-2,26.5,51150.005,51448,
-2,27,50780.495,51448.1,
-2,27.5,50768.51,51448.2,
-2,28,50938.24,51448.3,
-2.5,0,51299.08,51448.5,
-2.5,0.5,51583.76,51449,
-2.5,1,51291.42,51448.8,
-2.5,1.5,51358.93,51448.5,
-2.5,2,51318.78,51448.8,
-2.5,2.5,51530.51,51448.9,
-2.5,3,50648.6,51448.6,
-2.5,3.5,51384.34,51448.5,
-2.5,4,51382.6,51448.2,
-2.5,4.5,51422.74,51448.5,
-2.5,5,51358.6,51448.5,
-2.5,5.5,51442.26,51448.4,
-2.5,6,51309.85,51448.4,
-2.5,6.5,51303.87,51448.5,
-2.5,7,51294.58,51448.7,
-2.5,7.5,51298.69,51449.1,
-2.5,8,51350.93,51449,
-2.5,8.5,51402.05,51449,
-2.5,9,51482.79,51448.8,
-2.5,9.5,51414.9,51448.5,
-2.5,10,51447.62,51448.7,
-2.5,10.5,51384.2,51448.6,
-2.5,11,51554.41,51448.6,
-2.5,11.5,51378.94,51448.3,
-2.5,12,51397.04,51448.4,
-2.5,12.5,51391.12,51448.1,
-2.5,13,51407.84,51448.2,
-2.5,13.5,51424.22,51448.4,
-2.5,14,51232.02,51449.1,
-2.5,14.5,51371.34,51449.6,
-2.5,15,51395.76,51449.8,
-2.5,15.5,51347.28,51449.5,
-2.5,16,51336.03,51449.4,
-2.5,16.5,51301.18,51449.5,
-2.5,17,51338.83,51449.5,
-2.5,17.5,51307.2,51449.9,
-2.5,18,51234.85,51450.2,
-2.5,18.5,51443.62,51449.8,
-2.5,19,51299.84,51449.8,
-2.5,19.5,51312.93,51449.3,
-2.5,20,51254.91,51449.3,
-2.5,20.5,51569.4,51449,
-2.5,21,51320.18,51448.7,
-2.5,21.5,51688.01,51448.5,
-2.5,22,51337.54,51448.8,
-2.5,22.5,51105.66,51448.8,
-2.5,23,51224.84,51448.9,
-2.5,23.5,50895.69,51448.8,
-2.5,24,51072.51,51447.8,
-2.5,24.5,51064.92,51447.9,
-2.5,25,51054.45,51448.3,
-2.5,25.5,51216.67,51448.6,
-2.5,26,51156.3,51448.8,
-2.5,26.5,51240.76,51448.7,
-2.5,27,50978.49,51448.9,
-2.5,27.5,50699.14,51448.7,
-2.5,28,50996.57,51449,
-3,0,51340.56,51448.6,
-3,0.5,51344.52,51448.3,
-3,1,51328.96,51448,
-3,1.5,51606.72,51448,
-3,2,51403.29,51448.3,
-3,2.5,51316.6,51448.3,
-3,3,51446.55,51448.3,
-3,3.5,51423.24,51448.5,
-3,4,51446.41,51448.7,
-3,4.5,51457.79,51448.9,
-3,5,51050.89,51448.8,
-3,5.5,51342.35,51448.6,
-3,6,51351.07,51449,
-3,6.5,51226.4,51448.9,
-3,7,51292.25,51448.9,
-3,7.5,51334.9,51448.6,
-3,8,51391.28,51448.6,
-3,8.5,51405.8,51448.9,
-3,9,51429.29,51448.6,
-3,9.5,51439.97,51448.5,
-3,10,51393.42,51448.6,
-3,10.5,50958.37,51448.9,
-3,11,51425.81,51448.8,
-3,11.5,51412.29,51448.7,
-3,12,51264.47,51448.4,
-3,12.5,51347.62,51448.5,
-3,13,51420.79,51449.1,
-3,13.5,51411.35,51449.1,
-3,14,51435.28,51449.1,
-3,14.5,51426.55,51448.8,
-3,15,51376.26,51449.3,
-3,15.5,51422.25,51449.2,
-3,16,51324.34,51449.3,
-3,16.5,51339.51,51449.8,
-3,17,51346.91,51449.3,
-3,17.5,51285.07,51449.3,
-3,18,51406.31,51449,
-3,18.5,51365.14,51448.7,
-3,19,51363.77,51448.5,
-3,19.5,51404.32,51448.8,
-3,20,51177.58,51448.8,
-3,20.5,51355.09,51448.9,
-3,21,51522.39,51448.8,
-3,21.5,51084.39,51447.8,
-3,22,51321.29,51447.9,
-3,22.5,51061.4,51448.3,
-3,23,50853.96,51448.6,
-3,23.5,51132.32,51448.8,
-3,24,51196.81,51448.7,
-3,24.5,51189.65,51448.9,
-3,25,51100.68,51448.7,
-3,25.5,51086.32,51449,
-3,26,51141.72,51448.6,
-3,26.5,51078.23,51448.3,
-3,27,51097.87,51448,
-3,27.5,50994.36,51448,
-3,28,50648.3,51448.3,
-3.5,0,51373.12,51448.3,
-3.5,0.5,51312.8,51448.3,
-3.5,1,51291.35,51448.5,
-3.5,1.5,51331.49,51448.7,
-3.5,2,51394.16,51448.9,
-3.5,2.5,51673.77,51448.8,
-3.5,3,51196.3,51448.6,
-3.5,3.5,51332.64,51449,
-3.5,4,51400.12,51448.9,
-3.5,4.5,51233.84,51448.9,
-3.5,5,51348.35,51448.6,
-3.5,5.5,51328.14,51448.6,
-3.5,6,51333.52,51448.9,
-3.5,6.5,51383.3,51448.6,
-3.5,7,51318.74,51448.5,
-3.5,7.5,51381.53,51448.6,
-3.5,8,51413.98,51448.9,
-3.5,8.5,51437.95,51448.8,
-3.5,9,51440.3,51448.7,
-3.5,9.5,51441.66,51448.4,
-3.5,10,51413.36,51448.5,
-3.5,10.5,51411.82,51449.1,
-3.5,11,51438.11,51449.1,
-3.5,11.5,51444.17,51449.1,
-3.5,12,51372.72,51448.8,
-3.5,12.5,51353.13,51449.3,
-3.5,13,51325.98,51449.2,
-3.5,13.5,51395.9,51449.3,
-3.5,14,51432.08,51449.8,
-3.5,14.5,51364.25,51449.3,
-3.5,15,51338.27,51449.3,
-3.5,15.5,51402.26,51449,
-3.5,16,51377.51,51448.7,
-3.5,16.5,51336.7,51448.5,
-3.5,17,51318.73,51448.8,
-3.5,17.5,51331.99,51448.8,
-3.5,18,51337.03,51448.9,
-3.5,18.5,51308.71,51448.8,
-3.5,19,51345.54,51447.8,
-3.5,19.5,51318.2,51447.9,
-3.5,20,51325.17,51448.3,
-3.5,20.5,51305.97,51448.6,
-3.5,21,51390.6,51448.8,
-3.5,21.5,51360.9,51448.7,
-3.5,22,51238.93,51448.9,
-3.5,22.5,51324.02,51448.7,
-3.5,23,50968,51449,
-3.5,23.5,51293.92,51448.6,
-3.5,24,50962.24,51448.3,
-3.5,24.5,51438.11,51448,
-3.5,25,51979.99,51448,
-3.5,25.5,51070.94,51448.3,
-3.5,26,51242.62,51448.3,
-3.5,26.5,51085.28,51448.3,
-3.5,27,51114.82,51448.5,
-3.5,27.5,51107.87,51448.7,
-3.5,28,51105.96,51448.9,
-4,0,51340.87,51448.8,
-4,0.5,51302.56,51448.6,
-4,1,51391.18,51449,
-4,1.5,51346.32,51448.9,
-4,2,51371.68,51448.9,
-4,2.5,51584.28,51448.6,
-4,3,51408.14,51448.6,
-4,3.5,51505.27,51448.9,
-4,4,51414.47,51448.6,
-4,4.5,51323.41,51448.5,
-4,5,51305.06,51448.6,
-4,5.5,51354.65,51448.9,
-4,6,51333.39,51448.8,
-4,6.5,51398.2,51448.7,
-4,7,51340.46,51448.4,
-4,7.5,51366.05,51448.5,
-4,8,51405.18,51449.1,
-4,8.5,51436.81,51449.1,
-4,9,51453.75,51449.1,
-4,9.5,51440.44,51448.8,
-4,10,51410.21,51449.3,
-4,10.5,51413.64,51449.2,
-4,11,51433.8,51449.3,
-4,11.5,51384.67,51449.5,
-4,12,51459.87,51449.1,
-4,12.5,51403.82,51447.8,
-4,13,51370.45,51448.2,
-4,13.5,51419.72,51448.1,
-4,14,51329.97,51447.8,
-4,14.5,51337.16,51447.5,
-4,15,51361.58,51448,
-4,15.5,51380.67,51448.1,
-4,16,51350.81,51448,
-4,16.5,51314.46,51448,
-4,17,51321.08,51448.4,
-4,17.5,51334.17,51448.2,
-4,18,51337.37,51448.1,
-4,18.5,51365.95,51448.5,
-4,19,51326.1,51448.7,
-4,19.5,51316.1,51448.5,
-4,20,51296.9,51449,
-4,20.5,51758.76,51449,
-4,21,50785.33,51449.1,
-4,21.5,51295.22,51449.8,
-4,22,51248.37,51450.1,
-4,22.5,51516.28,51450,
-4,23,51210.58,51449.8,
-4,23.5,50997.81,51450,
-4,24,50649.8,51449.8,
-4,24.5,51079.51,51449.8,
-4,25,51079.28,51449.9,
-4,25.5,51057.59,51450,
-4,26,51181.95,51449.4,
-4,26.5,51047.22,51449.3,
-4,27,51095.6,51478.9,
-4,27.5,51151.93,51449.6,
-4,28,50679.6,51479.6,
-4.5,0,51286.17,51449.8,
-4.5,0.5,51320.79,51450.1,
-4.5,1,51329.17,51450.2,
-4.5,1.5,51381.54,51449.7,
-4.5,2,51449.5,51449.2,
-4.5,2.5,51295.91,51449.7,
-4.5,3,50649.6,51449.6,
-4.5,3.5,51450.37,51449.5,
-4.5,4,51400.16,51449.1,
-4.5,4.5,51393.55,51449.7,
-4.5,5,51387.9,51449.5,
-4.5,5.5,51287.71,51449.6,
-4.5,6,51347.89,51449.7,
-4.5,6.5,51356.63,51449.5,
-4.5,7,51344.8,51449.7,
-4.5,7.5,51393.38,51449.3,
-4.5,8,51409.64,51449.6,
-4.5,8.5,51401.02,51449.1,
-4.5,9,51392.42,51450,
-4.5,9.5,51467.12,51449,
-4.5,10,51436.35,51450,
-4.5,10.5,51444.25,51449.8,
-4.5,11,51469.85,51449.2,
-4.5,11.5,51431.73,51449.3,
-4.5,12,51402.78,51449.3,
-4.5,12.5,51431.26,51449.3,
-4.5,13,51459.23,51449.2,
-4.5,13.5,51402.54,51449.7,
-4.5,14,51366.78,51449.7,
-4.5,14.5,51319.05,51449,
-4.5,15,51348.22,51449.3,
-4.5,15.5,51405.57,51449.5,
-4.5,16,51383.86,51449.8,
-4.5,16.5,51320.95,51449.5,
-4.5,17,51387.88,51449,
-4.5,17.5,51572.09,51449.9,
-4.5,18,51343.7,51449.3,
-4.5,18.5,51436.8,51449.9,
-4.5,19,51336.29,51449.4,
-4.5,19.5,51364.05,51449.9,
-4.5,20,51379.03,51449.3,
-4.5,20.5,51327.99,51449,
-4.5,21,51511.71,51449.5,
-4.5,21.5,51262.68,51449.1,
-4.5,22,51220.38,51449.7,
-4.5,22.5,50989.85,51449.7,
-4.5,23,51829.58,51450,
-4.5,23.5,51094.33,51449.7,
-4.5,24,50787.92,51450,
-4.5,24.5,51014.84,51449,
-4.5,25,51036.03,51449.4,
-4.5,25.5,51205.85,51449.9,
-4.5,26,51699.32,51449.4,
-4.5,26.5,51077.78,51449.9,
-4.5,27,51076.19,51449.9,
-4.5,27.5,50922.78,51450,
-4.5,28,50874.2,51449.8,
-5,0,51308.16,51449.6,
-5,0.5,51312.31,51449.5,
-5,1,51376.72,51450,
-5,1.5,51405.22,51449.7,
-5,2,51557.89,51449.4,
-5,2.5,51436.76,51449.4,
-5,3,51471.6,51449.1,
-5,3.5,51450.12,51449.2,
-5,4,51407.99,51449.2,
-5,4.5,51390.2,51450,
-5,5,51379.91,51449.6,
-5,5.5,51320.01,51449.4,
-5,6,51378.29,51449.3,
-5,6.5,51409.07,51449.6,
-5,7,51387.62,51449.7,
-5,7.5,51426.06,51449.5,
-5,8,51420.1,51449.4,
-5,8.5,51477.65,51449.6,
-5,9,51423.93,51449.7,
-5,9.5,51439.81,51449.2,
-5,10,51413.76,51449.1,
-5,10.5,51442.31,51449.4,
-5,11,51413.73,51449,
-5,11.5,51475.57,51449.7,
-5,12,51429.31,51449.8,
-5,12.5,51411.69,51449.2,
-5,13,51424.1,51449.6,
-5,13.5,51396.86,51449.4,
-5,14,51376.91,51449,
-5,14.5,51352.95,51449.3,
-5,15,51340.39,51449,
-5,15.5,51388.11,51450,
-5,16,51460.85,51449,
-5,16.5,51391.7,51449.5,
-5,17,51249.15,51449.8,
-5,17.5,51418.26,51449.1,
-5,18,51391.26,51449.5,
-5,18.5,51388.9,51449.2,
-5,19,51324.18,51449.5,
-5,19.5,51290.65,51449.4,
-5,20,51286.07,51449.7,
-5,20.5,51296.97,51449.8,
-5,21,51299.55,51449.1,
-5,21.5,51290.86,51449.1,
-5,22,51256.99,51449.2,
-5,22.5,51104.63,51449.6,
-5,23,51122.36,51450.1,
-5,23.5,51097.95,51450.7,
-5,24,51010.44,51450.9,
-5,24.5,51028.23,51450.5,
-5,25,51016.19,51450.2,
-5,25.5,51288.29,51450.7,
-5,26,51157.35,51450.6,
-5,26.5,51061.66,51450.1,
-5,27,51013.94,51450.5,
-5,27.5,50854.48,51450.8,
-5,28,51135.67,51450.6,
-5.5,0,51313.71,51450.8,
-5.5,0.5,51306.97,51450.3,
-5.5,1,51364.97,51450.3,
-5.5,1.5,51416.85,51450.5,
-5.5,2,51470.95,51450.3,
-5.5,2.5,51446.45,51450,
-5.5,3,51507.68,51450.1,
-5.5,3.5,51522.09,51450.2,
-5.5,4,51409.92,51450.5,
-5.5,4.5,51446.27,51450.2,
-5.5,5,51402.71,51450.7,
-5.5,5.5,51333.25,51450.5,
-5.5,6,51362.84,51450.1,
-5.5,6.5,51376.76,51450.9,
-5.5,7,51376.16,51450.2,
-5.5,7.5,51404.39,51450.7,
-5.5,8,51412.21,51450.5,
-5.5,8.5,51434.37,51450.3,
-5.5,9,51430.54,51450.9,
-5.5,9.5,51432.79,51450.2,
-5.5,10,51412.11,51450.7,
-5.5,10.5,51405.8,51450.5,
-5.5,11,51422.94,51451,
-5.5,11.5,51433.6,51450.6,
-5.5,12,51419.78,51451,
-5.5,12.5,51386.36,51450.3,
-5.5,13,51404.29,51450.6,
-5.5,13.5,51413.72,51450.2,
-5.5,14,51336.62,51451,
-5.5,14.5,51368.42,51450.7,
-5.5,15,51365.83,51451,
-5.5,15.5,51363.7,51450.7,
-5.5,16,51405.68,51450.2,
-5.5,16.5,51370.04,51450.4,
-5.5,17,51305.92,51450,
-5.5,17.5,51381.73,51450.3,
-5.5,18,51401.93,51450.4,
-5.5,18.5,51479.92,51450.9,
-5.5,19,51356.09,51451,
-5.5,19.5,51358.55,51450.7,
-5.5,20,51414.93,51450.7,
-5.5,20.5,51321.87,51450.9,
-5.5,21,51289.7,51450.3,
-5.5,21.5,51268.56,51450.1,
-5.5,22,51329.06,51450.6,
-5.5,22.5,51156.34,51450.4,
-5.5,23,51151.82,51450.3,
-5.5,23.5,51062.73,51450.7,
-5.5,24,50936.47,51450.9,
-5.5,24.5,51389.71,51450.4,
-5.5,25,51063.37,51450.2,
-5.5,25.5,51234.36,51450.4,
-5.5,26,51188.07,51450.8,
-5.5,26.5,51096.38,51450.2,
-5.5,27,51027.49,51450.7,
-5.5,27.5,50860.28,51450.3,
-5.5,28,50650.7,51450.7,
-6,0,51319.26,51450.2,
-6,0.5,51301.63,51451,
-6,1,51353.21,51450.8,
-6,1.5,51428.48,51450.7,
-6,2,51384.01,51450.2,
-6,2.5,51456.13,51450.3,
-6,3,51543.75,51450.1,
-6,3.5,51594.06,51450.9,
-6,4,51411.85,51450.9,
-6,4.5,51502.34,51450.3,
-6,5,51425.5,51450.4,
-6,5.5,51346.49,51450.3,
-6,6,51347.38,51450.9,
-6,6.5,51344.45,51450.2,
-6,7,51364.7,51450.7,
-6,7.5,51382.72,51450,
-6,8,51404.31,51450.6,
-6,8.5,51391.09,51450.5,
-6,9,51437.15,51450.2,
-6,9.5,51425.76,51450.1,
-6,10,51410.45,51450.6,
-6,10.5,51369.29,51450.8,
-6,11,51432.14,51450.4,
-6,11.5,51391.62,51450.6,
-6,12,51410.24,51450.1,
-6,12.5,51361.03,51450.7,
-6,13,51384.48,51450.1,
-6,13.5,51430.57,51450.1,
-6,14,51296.32,51451,
-6,14.5,51383.88,51450.3,
-6,15,51391.27,51450.9,
-6,15.5,51339.29,51450.2,
-6,16,51350.5,51450.4,
-6,16.5,51348.38,51450.9,
-6,17,51362.68,51450.6,
-6,17.5,51345.2,51450.9,
-6,18,51412.59,51450.4,
-6,18.5,51570.93,51450.9,
-6,19,51388,51451,
-6,19.5,51426.44,51450.7,
-6,20,51543.79,51450.7,
-6,20.5,51346.76,51450.6,
-6,21,51279.84,51450.6,
-6,21.5,51246.25,51450.6,
-6,22,51401.12,51450.2,
-6,22.5,51208.05,51450.6,
-6,23,51181.27,51451,
-6,23.5,51027.51,51450.1,
-6,24,50862.5,51450.8,
-6,24.5,51751.18,51450.1,
-6,25,51110.54,51450.2,
-6,25.5,51180.43,51450.5,
-6,26,51218.78,51450.3,
-6,26.5,51131.09,51450.7,
-6,27,51041.03,51450.1,
-6,27.5,50866.07,51450.7,
-6,28,50650.1,51450.1,
-6.5,0,51325.96,51450,
-6.5,0.5,51313.41,51450.6,
-6.5,1,51345.13,51450.1,
-6.5,1.5,51392.3,51450.4,
-6.5,2,51399.6,51450.5,
-6.5,2.5,51424.6,51450.4,
-6.5,3,51449.6,51450.1,
-6.5,3.5,51456.72,51450.5,
-6.5,4,51378.43,51450.5,
-6.5,4.5,51455.82,51450.7,
-6.5,5,51366.73,51450.1,
-6.5,5.5,51378.03,51450.6,
-6.5,6,51407.51,51450.9,
-6.5,6.5,51343.81,51450.2,
-6.5,7,51390.78,51450.4,
-6.5,7.5,51381.54,51450.1,
-6.5,8,51414.79,51450.6,
-6.5,8.5,51401.92,51450,
-6.5,9,51435.84,51451,
-6.5,9.5,51412.87,51450.2,
-6.5,10,51431.25,51450.6,
-6.5,10.5,51396.35,51450.2,
-6.5,11,51454.01,51450.3,
-6.5,11.5,51421.97,51450.1,
-6.5,12,51404.87,51450.9,
-6.5,12.5,51355.52,51450.4,
-6.5,13,51382.38,51450.2,
-6.5,13.5,51412.7,51450.7,
-6.5,14,51288.05,51450.5,
-6.5,14.5,51369.13,51450.9,
-6.5,15,51361.53,51450,
-6.5,15.5,51323.91,51450.4,
-6.5,16,51345.21,51450,
-6.5,16.5,51339.17,51450.2,
-6.5,17,51345.09,51450.6,
-6.5,17.5,51338.15,51450.5,
-6.5,18,51382.71,51450.3,
-6.5,18.5,51386.19,51450.6,
-6.5,19,51368.6,51450.7,
-6.5,19.5,51454.18,51450.6,
-6.5,20,51429.97,51450.2,
-6.5,20.5,51220.92,51450.3,
-6.5,21,51261.52,51450.1,
-6.5,21.5,51266.03,51450,
-6.5,22,51330.6,51450.1,
-6.5,22.5,51326.57,51450.9,
-6.5,23,51123.43,51450.1,
-6.5,23.5,51137.57,51450.7,
-6.5,24,50719.16,51450.4,
-6.5,24.5,51354.17,51450.7,
-6.5,25,50934.7,51450.5,
-6.5,25.5,51145.7,51450.1,
-6.5,26,51155.12,51450.9,
-6.5,26.5,51105.04,51450.1,
-6.5,27,51025.01,51450.7,
-6.5,27.5,50883.95,51450.2,
-6.5,28,50650.1,51450.1,
-7,0,51332.65,51450.4,
-7,0.5,51325.19,51450,
-7,1,51337.05,51450.7,
-7,1.5,51356.12,51450.2,
-7,2,51415.18,51450.4,
-7,2.5,51393.07,51450.4,
-7,3,51355.44,51450.5,
-7,3.5,51319.37,51450.6,
-7,4,51345.01,51450.7,
-7,4.5,51409.29,51451,
-7,5,51307.96,51450.4,
-7,5.5,51409.56,51450.3,
-7,6,51467.64,51450.6,
-7,6.5,51343.16,51450.5,
-7,7,51416.86,51450.3,
-7,7.5,51380.35,51450.1,
-7,8,51425.27,51450.1,
-7,8.5,51412.74,51450.2,
-7,9,51434.52,51450.4,
-7,9.5,51399.97,51451.2,
-7,10,51452.05,51450.1,
-7,10.5,51423.4,51450.1,
-7,11,51475.87,51451.1,
-7,11.5,51452.31,51451.9,
-7,12,51399.5,51450,
-7,12.5,51350.01,51451.7,
-7,13,51380.27,51450.3,
-7,13.5,51394.82,51451.3,
-7,14,51279.78,51450.2,
-7,14.5,51354.37,51450.9,
-7,15,51331.79,51450.2,
-7,15.5,51308.52,51451.6,
-7,16,51339.91,51450.4,
-7,16.5,51329.95,51450.3,
-7,17,51327.5,51451.9,
-7,17.5,51331.09,51451.8,
-7,18,51352.82,51450.3,
-7,18.5,51201.45,51450.2,
-7,19,51349.19,51451.3,
-7,19.5,51481.92,51450.4,
-7,20,51316.14,51450.1,
-7,20.5,51095.08,51451.2,
-7,21,51243.2,51451.9,
-7,21.5,51285.81,51451.3,
-7,22,51260.08,51451.6,
-7,22.5,51445.09,51450.1,
-7,23,51065.59,51451.3,
-7,23.5,51247.62,51450.9,
-7,24,50650.9,51450.9,
-7,24.5,50957.16,51450.4,
-7,25,50758.85,51450.6,
-7,25.5,51110.96,51451.3,
-7,26,51091.46,51451,
-7,26.5,51078.99,51451.7,
-7,27,51008.99,51451.4,
-7,27.5,50901.83,51451.8,
-7,28,50650.5,51450.5,
-7.5,0,50650.4,51450.4,
-7.5,0.5,50849.57,51450.3,
-7.5,1,51029.39,51451.1,
-7.5,1.5,51019.55,51450.4,
-7.5,2,51180.71,51450.9,
-7.5,2.5,51082.64,51452,
-7.5,3,50849.59,51451,
-7.5,3.5,51037.73,51450.3,
-7.5,4,50804.84,51452,
-7.5,4.5,51103.41,51450.4,
-7.5,5,51095.97,51450.8,
-7.5,5.5,51191.41,51451.1,
-7.5,6,51258.74,51450.6,
-7.5,6.5,51339.65,51451.3,
-7.5,7,51277.99,51450.7,
-7.5,7.5,51356.4,51450.7,
-7.5,8,51344.06,51451.6,
-7.5,8.5,51375.72,51451.9,
-7.5,9,51420.34,51452,
-7.5,9.5,51379.88,51450.6,
-7.5,10,51395.75,51450.7,
-7.5,10.5,51355.55,51450.6,
-7.5,11,51328.49,51451.9,
-7.5,11.5,51316.27,51451.6,
-7.5,12,51331.49,51451.4,
-7.5,12.5,51412.56,51450.2,
-7.5,13,51222.67,51450,
-7.5,13.5,51628.76,51450.2,
-7.5,14,51382.19,51451.5,
-7.5,14.5,51379.21,51451.8,
-7.5,15,51363.91,51450.7,
-7.5,15.5,51416.5,51451.6,
-7.5,16,51495.04,51451.3,
-7.5,16.5,51468.49,51451,
-7.5,17,51410.01,51450.9,
-7.5,17.5,51432.82,51451.6,
-7.5,18,51409.3,51451.1,
-7.5,18.5,51391.87,51450.3,
-7.5,19,51408.58,51451.6,
-7.5,19.5,51391.36,51451.6,
-7.5,20,51382.96,51451.4,
-7.5,20.5,51403.31,51450.4,
-7.5,21,51383.45,51452,
-7.5,21.5,51281,51450.3,
-7.5,22,51442.8,51450.2,
-7.5,22.5,51615.75,51450.2,
-7.5,23,51467.18,51451.5,
-7.5,23.5,51241.29,51451.9,
-7.5,24,51383.56,51452,
-7.5,24.5,51359.93,51451.8,
-7.5,25,51138.28,51450.7,
-7.5,25.5,51323.14,51451,
-7.5,26,51432.53,51451.4,
-7.5,26.5,51615.7,51451.2,
-7.5,27,51366.69,51450.3,
-7.5,27.5,51295.21,51450.5,
-7.5,28,51714.4,51451.7,
-8,0,50659.54,51450.9,
-8,0.5,50689.04,51451.5,
-8,1,50828.16,51451.5,
-8,1.5,51001.49,51451,
-8,2,51011.76,51451.6,
-8,2.5,51049.04,51451.7,
-8,3,51055.17,51451,
-8,3.5,51053.04,51450.5,
-8,4,50724.43,51450.8,
-8,4.5,51115.83,51451.6,
-8,5,51204.22,51451.6,
-8,5.5,51167.06,51450.2,
-8,6,51122.78,51451.8,
-8,6.5,51210.26,51450,
-8,7,51101.79,51451.2,
-8,7.5,51719.74,51450,
-8,8,51394.86,51450.4,
-8,8.5,51238.6,51451,
-8,9,51321.56,51451.9,
-8,9.5,51338.98,51450.9,
-8,10,51310.36,51450.3,
-8,10.5,51349.97,51450.6,
-8,11,51443.59,51450.4,
-8,11.5,51356.93,51450.2,
-8,12,51365.77,51450.8,
-8,12.5,51378.45,51451.5,
-8,13,51405.83,51450.2,
-8,13.5,51394.99,51450.9,
-8,14,51418.41,51450.2,
-8,14.5,51397.65,51451.5,
-8,15,51407.66,51450.3,
-8,15.5,51375.18,51451.2,
-8,16,51505.2,51450.9,
-8,16.5,51462.6,51451.3,
-8,17,51397.79,51450.2,
-8,17.5,51376.29,51451.5,
-8,18,51383.11,51451.3,
-8,18.5,51407.89,51450.1,
-8,19,51373.8,51450.4,
-8,19.5,51366.45,51451.4,
-8,20,51399.87,51450.3,
-8,20.5,51380.93,51450.4,
-8,21,51365.85,51451.8,
-8,21.5,51385.99,51450.3,
-8,22,51377.51,51450.9,
-8,22.5,51854.56,51451.7,
-8,23,51564.91,51450.6,
-8,23.5,51296.74,51450.5,
-8,24,51656.57,51451.2,
-8,24.5,51417.3,51451.1,
-8,25,51322.67,51450.7,
-8,25.5,51313.1,51450.2,
-8,26,51206.24,51450.5,
-8,26.5,51265.41,51451.1,
-8,27,51312.38,51451.3,
-8,27.5,51396,51450.8,
-8,28,51293.27,51450.9,
-8.5,0,50712.23,51452,
-8.5,0.5,50796.04,51450.9,
-8.5,1,50667.66,51450.5,
-8.5,1.5,50738.33,51450.6,
-8.5,2,50725.6,51450.2,
-8.5,2.5,51239.54,51451.5,
-8.5,3,51018.77,51451,
-8.5,3.5,51063.38,51451.3,
-8.5,4,51058.28,51450.3,
-8.5,4.5,51156.1,51450.3,
-8.5,5,51199.3,51450,
-8.5,5.5,51212.89,51451.3,
-8.5,6,51213.98,51452,
-8.5,6.5,51194.48,51450,
-8.5,7,51273.73,51451,
-8.5,7.5,51641.57,51451.1,
-8.5,8,51689.17,51450.5,
-8.5,8.5,51119.66,51450.9,
-8.5,9,51590.31,51451.9,
-8.5,9.5,51320.71,51450.7,
-8.5,10,51337.15,51450.3,
-8.5,10.5,51348.46,51451.2,
-8.5,11,51361.45,51451,
-8.5,11.5,51372.71,51451.3,
-8.5,12,51392.24,51451.6,
-8.5,12.5,51476.9,51451.3,
-8.5,13,51413.17,51451.6,
-8.5,13.5,51437.86,51451.7,
-8.5,14,51434.99,51451.3,
-8.5,14.5,51440.66,51450.2,
-8.5,15,51428.11,51451.4,
-8.5,15.5,51459.92,51450.4,
-8.5,16,51453.66,51451.4,
-8.5,16.5,51383.48,51451.7,
-8.5,17,51434.92,51451.9,
-8.5,17.5,51403.58,51450.6,
-8.5,18,51621.17,51451.3,
-8.5,18.5,51264.68,51450.1,
-8.5,19,51413.93,51451.2,
-8.5,19.5,51366.75,51451.5,
-8.5,20,51492.97,51451.8,
-8.5,20.5,51376.22,51451.9,
-8.5,21,51408.38,51450.2,
-8.5,21.5,51439.9,51450.6,
-8.5,22,51296.38,51451,
-8.5,22.5,51344.55,51450.8,
-8.5,23,51362.87,51450.3,
-8.5,23.5,50980.9,51450.5,
-8.5,24,51391.34,51450.3,
-8.5,24.5,51387.53,51450.9,
-8.5,25,51357.96,51450.2,
-8.5,25.5,51344.09,51450.9,
-8.5,26,51373.1,51450.7,
-8.5,26.5,51338.83,51450.5,
-8.5,27,51334.8,51451.6,
-8.5,27.5,51323.34,51451.4,
-8.5,28,51428.08,51451.9,
-9,0,52251.1,51451.1,
-9,0.5,52250,51452,
-9,1,52250,51450,
-9,1.5,52250,51451,
-9,2,50757.32,51450.1,
-9,2.5,51148.08,51450.4,
-9,3,50943.13,51450.1,
-9,3.5,51093.76,51450.1,
-9,4,51084.27,51451.4,
-9,4.5,51007.5,51451.8,
-9,5,51142.44,51450.3,
-9,5.5,51228.45,51451.8,
-9,6,51213.55,51451.2,
-9,6.5,51442.84,51451.3,
-9,7,51270.72,51451.3,
-9,7.5,52064.25,51451.2,
-9,8,51789.65,51450,
-9,8.5,51246.92,51451.1,
-9,9,50872.04,51450.7,
-9,9.5,51356.06,51451,
-9,10,51015.48,51450.2,
-9,10.5,51396.77,51451.7,
-9,11,51309.04,51450.5,
-9,11.5,51376.02,51450,
-9,12,51390.08,51451.3,
-9,12.5,51386.09,51450.5,
-9,13,51416.21,51450.8,
-9,13.5,51430.56,51451.4,
-9,14,51407.16,51450.1,
-9,14.5,51397.47,51450.5,
-9,15,51413.74,51451.1,
-9,15.5,51485.05,51450.6,
-9,16,51410.8,51450.3,
-9,16.5,51403.83,51450.3,
-9,17,51354.99,51450.8,
-9,17.5,51363.26,51450.5,
-9,18,51352.58,51450.9,
-9,18.5,51369.25,51451.3,
-9,19,50947.11,51451.5,
-9,19.5,51387.22,51450.8,
-9,20,51861.97,51450.8,
-9,20.5,51378.26,51451.3,
-9,21,50930.74,51451.1,
-9,21.5,52250,51450.5,
-9,22,51457.49,51450.5,
-9,22.5,51393.09,51450.6,
-9,23,51341.8,51451.4,
-9,23.5,51402.13,51451,
-9,24,51398.54,51452,
-9,24.5,51353.25,51451.6,
-9,25,51339.57,51450.3,
-9,25.5,51383.96,51451,
-9,26,51352.37,51451.8,
-9,26.5,51486.29,51451.2,
-9,27,51346.33,51450.5,
-9,27.5,51307.53,51451.1,
-9,28,51359.19,51450,
-9.5,0,52250,51451.7,
-9.5,0.5,52250,51450.6,
-9.5,1,52250,51450.2,
-9.5,1.5,52250,51451.6,
-9.5,2,52250,51450.6,
-9.5,2.5,50821.59,51450.5,
-9.5,3,50996.42,51451.5,
-9.5,3.5,50952.21,51450.4,
-9.5,4,52250,51451.8,
-9.5,4.5,50914.57,51450.1,
-9.5,5,51154.17,51450.3,
-9.5,5.5,51216.77,51450.2,
-9.5,6,51177.22,51450.8,
-9.5,6.5,51299.22,51450.4,
-9.5,7,51299.31,51451.2,
-9.5,7.5,51383.21,51451.3,
-9.5,8,51048.33,51451.2,
-9.5,8.5,51563.66,51451.8,
-9.5,9,51278.65,51451.3,
-9.5,9.5,51253.95,51451.1,
-9.5,10,51309.93,51451.7,
-9.5,10.5,51363.47,51450,
-9.5,11,51345.64,51450.9,
-9.5,11.5,51458.64,51450.7,
-9.5,12,51379.85,51450.3,
-9.5,12.5,51384.08,51450.1,
-9.5,13,51430.87,51451.2,
-9.5,13.5,51486.55,51451.5,
-9.5,14,51142.89,51451.3,
-9.5,14.5,51411.83,51450.7,
-9.5,15,51434.6,51451.7,
-9.5,15.5,51405.57,51450.9,
-9.5,16,51387.52,51450.1,
-9.5,16.5,51391.05,51451.8,
-9.5,17,51389.62,51451.3,
-9.5,17.5,51351.67,51451.9,
-9.5,18,51347.3,51450.8,
-9.5,18.5,51338.29,51450.3,
-9.5,19,51375.09,51450.9,
-9.5,19.5,51266.21,51450.8,
-9.5,20,51383.89,51450.6,
-9.5,20.5,51244.44,51451,
-9.5,21,51432.15,51450.7,
-9.5,21.5,51432.8,51450.1,
-9.5,22,51368.87,51450.8,
-9.5,22.5,51356,51451.6,
-9.5,23,51447.62,51450.4,
-9.5,23.5,51390.39,51451.8,
-9.5,24,51314.02,51450.7,
-9.5,24.5,51388.19,51450.8,
-9.5,25,51374.08,51451.4,
-9.5,25.5,51323.36,51450.9,
-9.5,26,51305.43,51451.1,
-9.5,26.5,51413.2,51450.1,
-9.5,27,51394.71,51451.3,
-9.5,27.5,51349.33,51450.5,
-9.5,28,51359.94,51452,
-10,0,50651.6,51451.6,
-10,0.5,50651,51451,
-10,1,50651.8,51451.8,
-10,1.5,50651.8,51451.8,
-10,2,50800.34,51451.4,
-10,2.5,50801.38,51450.1,
-10,3,50830.2,51451.5,
-10,3.5,51058.95,51450.1,
-10,4,50761.25,51450.1,
-10,4.5,51062.9,51451.1,
-10,5,51167.41,51451.5,
-10,5.5,51186.95,51451.1,
-10,6,51400.17,51451.7,
-10,6.5,51688.07,51450.6,
-10,7,51468.73,51451.7,
-10,7.5,51147.06,51450.4,
-10,8,51312.13,51450.1,
-10,8.5,50651.9,51451.9,
-10,9,51217.62,51451.1,
-10,9.5,51270.28,51451.5,
-10,10,51704.29,51450.3,
-10,10.5,51391.15,51450.5,
-10,11,51340.57,51450.2,
-10,11.5,51323.8,51452,
-10,12,51312.32,51452,
-10,12.5,51372.52,51451.3,
-10,13,51408.08,51451.4,
-10,13.5,51413.54,51450.1,
-10,14,51396.31,51452,
-10,14.5,51405.85,51450.4,
-10,15,51379.99,51451.9,
-10,15.5,51389.87,51450.1,
-10,16,51407.06,51450.9,
-10,16.5,51382.39,51450.2,
-10,17,51383.27,51450,
-10,17.5,51275.93,51451.1,
-10,18,51341.05,51452,
-10,18.5,51308.27,51451.6,
-10,19,51324.26,51451.2,
-10,19.5,51299.92,51451.2,
-10,20,51376.06,51450.2,
-10,20.5,51474.08,51450.2,
-10,21,51456.52,51450.1,
-10,21.5,51394.54,51450.6,
-10,22,51302.21,51450.1,
-10,22.5,51333.39,51451.1,
-10,23,51359.13,51450.7,
-10,23.5,51416.29,51451.1,
-10,24,51400.68,51450.9,
-10,24.5,51304.48,51450.7,
-10,25,51375.39,51450.3,
-10,25.5,51349.86,51451.4,
-10,26,51339.06,51451,
-10,26.5,51332.17,51450.6,
-10,27,51319.98,51450.5,
-10,27.5,51341.6,51450.2,
-10,28,51358.93,51451.2,
-10.5,0,50651.8,51451.8,
-10.5,0.5,50650.6,51450.6,
-10.5,1,50651,51451,
-10.5,1.5,50650.9,51450.9,
-10.5,2,50686.25,51451.8,
-10.5,2.5,50729.77,51450.6,
-10.5,3,50815.04,51451.1,
-10.5,3.5,50879.83,51451.1,
-10.5,4,50872.53,51450.6,
-10.5,4.5,50964.29,51450.6,
-10.5,5,51147.53,51451.6,
-10.5,5.5,51185.61,51451.9,
-10.5,6,51135.22,51451.9,
-10.5,6.5,51326.93,51450.4,
-10.5,7,51234.61,51451.8,
-10.5,7.5,51118.22,51451.6,
-10.5,8,50869.9,51451.2,
-10.5,8.5,51259.44,51450.4,
-10.5,9,51229.09,51451.8,
-10.5,9.5,51211.85,51450.2,
-10.5,10,51278.18,51451.3,
-10.5,10.5,51325.44,51451.7,
-10.5,11,51327.73,51451.7,
-10.5,11.5,51322.01,51451.4,
-10.5,12,51336.89,51451.9,
-10.5,12.5,51366.88,51450.1,
-10.5,13,51354.47,51451.8,
-10.5,13.5,51405.31,51451.2,
-10.5,14,51426.31,51450.1,
-10.5,14.5,51399.19,51450.2,
-10.5,15,51382.6,51450.1,
-10.5,15.5,51476.97,51450.2,
-10.5,16,51411.64,51451.9,
-10.5,16.5,51427.31,51451.7,
-10.5,17,51195.63,51451.9,
-10.5,17.5,51431.98,51450.8,
-10.5,18,51366.01,51451.8,
-10.5,18.5,51267.77,51450.3,
-10.5,19,51352.05,51450.7,
-10.5,19.5,51720.1,51450.6,
-10.5,20,51485.84,51450.7,
-10.5,20.5,51280.08,51451.5,
-10.5,21,51367.47,51451.6,
-10.5,21.5,51395.26,51450.3,
-10.5,22,51406.73,51450.9,
-10.5,22.5,51372.42,51451.5,
-10.5,23,51329.26,51451.4,
-10.5,23.5,51397.71,51451.2,
-10.5,24,51398.06,51451,
-10.5,24.5,51410.85,51451.4,
-10.5,25,51409.58,51450.7,
-10.5,25.5,51331.42,51452,
-10.5,26,51629.13,51451.8,
-10.5,26.5,51318.11,51451.4,
-10.5,27,51366.7,51451.3,
-10.5,27.5,51336.34,51450.6,
-10.5,28,51364.37,51451.5,
-11,0,50650.5,51450.5,
-11,0.5,50651.1,51451.1,
-11,1,50650.2,51450.2,
-11,1.5,50671.29,51450.7,
-11,2,50790.89,51451.2,
-11,2.5,50651,51451,
-11,3,50657.54,51450.7,
-11,3.5,50778.46,51450.8,
-11,4,51130.4,51450.2,
-11,4.5,50986.33,51451.9,
-11,5,51037.26,51451.9,
-11,5.5,51112.97,51451.5,
-11,6,50883.69,51450.7,
-11,6.5,51030.84,51451.8,
-11,7,51123.86,51450.3,
-11,7.5,51182.78,51450.2,
-11,8,51302.39,51451.8,
-11,8.5,51368.72,51452,
-11,9,51227.59,51451.4,
-11,9.5,51338.19,51450.8,
-11,10,51382.22,51451,
-11,10.5,51282.7,51450.4,
-11,11,51227.88,51451.9,
-11,11.5,51305.98,51451.2,
-11,12,51340.81,51450.2,
-11,12.5,51348.7,51450.1,
-11,13,51395.81,51451,
-11,13.5,51416.87,51451.9,
-11,14,51442.62,51451.1,
-11,14.5,51421.53,51451.6,
-11,15,51380.03,51450.3,
-11,15.5,51373.31,51452,
-11,16,51406.54,51451.4,
-11,16.5,51395,51450,
-11,17,51478.47,51451.2,
-11,17.5,51735.77,51450.2,
-11,18,51355.87,51451,
-11,18.5,51351.68,51451.7,
-11,19,51319.82,51451.7,
-11,19.5,51394.83,51451.3,
-11,20,51389.5,51451.4,
-11,20.5,51547.05,51450.4,
-11,21,51447.95,51451.5,
-11,21.5,51363.22,51451.4,
-11,22,51315.78,51451.8,
-11,22.5,51499.18,51451.5,
-11,23,51457.44,51451,
-11,23.5,51415.32,51450.9,
-11,24,51199.26,51451.8,
-11,24.5,51268.26,51450.2,
-11,25,51382.28,51451.1,
-11,25.5,51406.11,51450.3,
-11,26,51387.62,51450,
-11,26.5,51398.24,51451.7,
-11,27,51375.27,51451.1,
-11,27.5,51549.63,51450.5,
-11,28,51361.07,51450.1,
-11.5,0,50650.8,51450.8,
-11.5,0.5,50651.1,51451.1,
-11.5,1,50651,51451,
-11.5,1.5,50656.5,51450.3,
-11.5,2,50650.8,51450.8,
-11.5,2.5,50651.8,51451.8,
-11.5,3,50650.3,51450.3,
-11.5,3.5,50752.53,51450.5,
-11.5,4,51104.11,51451.9,
-11.5,4.5,50941.41,51451.8,
-11.5,5,51128.89,51450.7,
-11.5,5.5,51201.24,51450,
-11.5,6,51090.39,51451,
-11.5,6.5,51271.89,51451.6,
-11.5,7,51195.14,51450.3,
-11.5,7.5,50938.82,51450.5,
-11.5,8,51260.91,51450.8,
-11.5,8.5,51142.33,51451.7,
-11.5,9,51271.39,51451,
-11.5,9.5,51555.86,51451.4,
-11.5,10,51211.43,51451.7,
-11.5,10.5,51291.64,51450.4,
-11.5,11,51287.13,51451.7,
-11.5,11.5,51343.68,51450.1,
-11.5,12,51352.1,51450,
-11.5,12.5,51377.65,51451.1,
-11.5,13,51423.12,51450.1,
-11.5,13.5,51453.61,51451,
-11.5,14,51428.86,51451.5,
-11.5,14.5,51403.03,51450,
-11.5,15,51384.92,51451.3,
-11.5,15.5,51371.36,51451.6,
-11.5,16,51378.83,51450.6,
-11.5,16.5,51208.43,51451.2,
-11.5,17,51278.89,51450,
-11.5,17.5,51236.65,51451.2,
-11.5,18,51325.74,51450.1,
-11.5,18.5,51323.7,51450.9,
-11.5,19,51357.95,51451.1,
-11.5,19.5,51413.92,51451.2,
-11.5,20,51405.96,51450.5,
-11.5,20.5,51369.66,51450.6,
-11.5,21,51383.93,51451,
-11.5,21.5,51477.13,51451.2,
-11.5,22,51398.82,51450.9,
-11.5,22.5,51373.7,51450.2,
-11.5,23,51418.38,51450.4,
-11.5,23.5,51563.51,51451.9,
-11.5,24,51364.97,51450.4,
-11.5,24.5,51323.82,51451.9,
-11.5,25,51281.29,51450.2,
-11.5,25.5,51394.44,51450.1,
-11.5,26,51379.01,51450.4,
-11.5,26.5,51402.32,51450.8,
-11.5,27,51353,51450.5,
-11.5,27.5,51377.33,51450.7,
-11.5,28,51376.71,51450.4,
-12,0,50650.3,51450.3,
-12,0.5,50651.3,51451.3,
-12,1,50651.2,51451.2,
-12,1.5,50663.42,51451.2,
-12,2,50651,51451,
-12,2.5,50650.5,51450.5,
-12,3,50650.4,51450.4,
-12,3.5,50926.51,51450.4,
-12,4,50651.1,51451.1,
-12,4.5,51008.75,51451.1,
-12,5,51120.71,51450.8,
-12,5.5,51152.63,51451.2,
-12,6,50965.97,51451.6,
-12,6.5,51202.75,51451,
-12,7,51202.83,51450.3,
-12,7.5,51188.22,51451.9,
-12,8,51280.8,51451.4,
-12,8.5,51352.13,51451.5,
-12,9,51149.74,51450.5,
-12,9.5,51209.79,51451.4,
-12,10,51289.23,51451.4,
-12,10.5,51296.77,51450.2,
-12,11,51341.29,51451.3,
-12,11.5,51330.01,51451.5,
-12,12,51349.83,51451.3,
-12,12.5,51386.96,51450.7,
-12,13,51398.99,51450.3,
-12,13.5,51427.02,51450.4,
-12,14,51465.11,51451.9,
-12,14.5,51842.94,51451.7,
-12,15,51414.63,51451.8,
-12,15.5,51398.53,51451.6,
-12,16,51373.14,51450.6,
-12,16.5,51371.2,51450.3,
-12,17,51053.99,51451.9,
-12,17.5,51281.21,51451.9,
-12,18,51331.63,51450.7,
-12,18.5,51344.53,51451.1,
-12,19,51391.45,51450.2,
-12,19.5,51080.7,51451.9,
-12,20,51290.91,51451.8,
-12,20.5,51413.54,51450.4,
-12,21,51379.45,51450,
-12,21.5,51416.6,51451.7,
-12,22,51411.84,51451.1,
-12,22.5,51399.32,51450,
-12,23,51442.86,51451.4,
-12,23.5,51214.78,51450.3,
-12,24,51387.47,51450.6,
-12,24.5,51429.77,51451,
-12,25,51353.16,51451.4,
-12,25.5,51459.6,51450,
-12,26,51384.61,51451.9,
-12,26.5,51395.8,51451,
-12,27,51380.33,51451.2,
-12,27.5,51375.37,51451,
-12,28,51405.04,51450.2,
-12.5,0,51000,51451.4,
-12.5,0.5,51000,51450.5,
-12.5,1,51000,51451.4,
-12.5,1.5,51000,51450.3,
-12.5,2,51000,51450.4,
-12.5,2.5,51000,51450.8,
-12.5,3,51000,51450.9,
-12.5,3.5,51000,51450.2,
-12.5,4,51000,51451.3,
-12.5,4.5,51000,51451.4,
-12.5,5,51000,51452,
-12.5,5.5,51000,51450.8,
-12.5,6,51000,51451.6,
-12.5,6.5,51000,51451.9,
-12.5,7,51000,51451.9,
-12.5,7.5,51000,51451,
-12.5,8,51000,51451.7,
-12.5,8.5,51000,51450.1,
-12.5,9,51000,51450.4,
-12.5,9.5,51000,51451.2,
-12.5,10,51000,51451.2,
-12.5,10.5,51000,51451,
-12.5,11,51000,51450.6,
-12.5,11.5,51000,51450.6,
-12.5,12,51000,51452,
-12.5,12.5,51000,51450.9,
-12.5,13,51000,51451.7,
-12.5,13.5,51000,51450.8,
-12.5,14,51000,51450.8,
-12.5,14.5,51000,51450,
-12.5,15,51000,51452,
-12.5,15.5,51000,51450.1,
-12.5,16,51000,51451.2,
-12.5,16.5,51000,51450.1,
-12.5,17,51000,51450.4,
-12.5,17.5,51000,51450.5,
-12.5,18,51000,51451.4,
-12.5,18.5,51000,51450.5,
-12.5,19,51000,51451.1,
-12.5,19.5,51000,51451.8,
-12.5,20,51000,51450.5,
-12.5,20.5,51000,51451.2,
-12.5,21,51000,51451,
-12.5,21.5,51000,51450.8,
-12.5,22,51000,51451.5,
-12.5,22.5,51000,51450.1,
-12.5,23,51000,51450.2,
-12.5,23.5,51000,51450.7,
-12.5,24,51000,51450.6,
-12.5,24.5,51000,51451.4,
-12.5,25,51000,51450.3,
-12.5,25.5,51000,51450.1,
-12.5,26,51000,51450.6,
-12.5,26.5,51000,51450.7,
-12.5,27,51000,51450.1,
-12.5,27.5,51000,51451.2,
-12.5,28,51000,51451.6,
-13,0,51000,51450.5,
-13,0.5,51000,51451.2,
-13,1,51000,51450.3,
-13,1.5,51000,51450.5,
-13,2,51000,51450.6,
-13,2.5,51000,51451.5,
-13,3,51000,51451.4,
-13,3.5,51000,51450.9,
-13,4,51000,51451.7,
-13,4.5,51000,51451.5,
-13,5,51000,51451.1,
-13,5.5,51000,51451.9,
-13,6,51000,51450.1,
-13,6.5,51000,51451.1,
-13,7,51000,51451.2,
-13,7.5,51000,51450.9,
-13,8,51000,51451.3,
-13,8.5,51000,51450.5,
-13,9,51000,51451.7,
-13,9.5,51000,51451.3,
-13,10,51000,51450.1,
-13,10.5,51000,51451.3,
-13,11,51000,51450.6,
-13,11.5,51000,51451.5,
-13,12,51000,51452,
-13,12.5,51000,51451.7,
-13,13,51000,51450.5,
-13,13.5,51000,51450.7,
-13,14,51000,51450.6,
-13,14.5,51000,51451.1,
-13,15,51000,51451.3,
-13,15.5,51000,51450.8,
-13,16,51000,51451,
-13,16.5,51000,51450.5,
-13,17,51000,51450.7,
-13,17.5,51000,51451,
-13,18,51000,51451.1,
-13,18.5,51000,51450.9,
-13,19,51000,51450.9,
-13,19.5,51000,51450.3,
-13,20,51000,51450.9,
-13,20.5,51000,51451.2,
-13,21,51000,51451.3,
-13,21.5,51000,51451.3,
-13,22,51000,51451.6,
-13,22.5,51000,51451.5,
-13,23,51000,51451.4,
-13,23.5,51000,51451,
-13,24,51000,51451.3,
-13,24.5,51000,51451.3,
-13,25,51000,51451.3,
-13,25.5,51000,51450.1,
-13,26,51000,51450.4,
-13,26.5,51000,51450.8,
-13,27,51000,51450.5,
-13,27.5,51000,51450.8,
-13,28,51000,51451.5,
-13.5,0,50650.2,51450.2,
-13.5,0.5,50651.5,51451.5,
-13.5,1,50651.7,51451.7,
-13.5,1.5,50651.8,51451.8,
-13.5,2,50742.07,51451.8,
-13.5,2.5,50750.59,51452,
-13.5,3,50763.57,51451.9,
-13.5,3.5,50657.48,51450.3,
-13.5,4,50865.88,51450.2,
-13.5,4.5,50961.81,51451.8,
-13.5,5,51041.99,51451.4,
-13.5,5.5,51274.82,51451.1,
-13.5,6,51124.88,51451,
-13.5,6.5,51201.86,51452,
-13.5,7,51342.04,51451.5,
-13.5,7.5,51224.5,51450.2,
-13.5,8,51243.25,51452,
-13.5,8.5,51295.8,51451.7,
-13.5,9,51279.38,51450.8,
-13.5,9.5,51245.88,51450.5,
-13.5,10,51269.29,51451.6,
-13.5,10.5,51177.02,51450.7,
-13.5,11,51311.53,51450,
-13.5,11.5,51290.66,51451.3,
-13.5,12,51295.7,51450.4,
-13.5,12.5,51314.14,51450.5,
-13.5,13,51363.35,51452,
-13.5,13.5,51360.34,51452,
-13.5,14,51369.56,51451.9,
-13.5,14.5,51376.87,51451.9,
-13.5,15,51396.07,51451,
-13.5,15.5,51407.64,51451.7,
-13.5,16,51377.25,51450.7,
-13.5,16.5,51350.45,51451.5,
-13.5,17,51341.85,51451.9,
-13.5,17.5,51355.05,51451.2,
-13.5,18,51312.45,51450.9,
-13.5,18.5,51392.29,51451.6,
-13.5,19,51348.97,51450.6,
-13.5,19.5,51434.55,51450.7,
-13.5,20,51378.87,51451.7,
-13.5,20.5,51384.81,51450.5,
-13.5,21,51423.27,51451.2,
-13.5,21.5,51391.37,51450.3,
-13.5,22,51306.72,51450.7,
-13.5,22.5,51417.48,51450.8,
-13.5,23,51766.86,51450.7,
-13.5,23.5,51374.54,51451.4,
-13.5,24,51373.07,51451.7,
-13.5,24.5,51383.99,51451.9,
-13.5,25,51386.97,51451.1,
-13.5,25.5,51384.27,51451.6,
-13.5,26,51396.34,51450.4,
-13.5,26.5,51425.23,51451.8,
-13.5,27,51421.53,51450.2,
-13.5,27.5,51399.29,51450.8,
-13.5,28,51410.57,51450.7,
-14,0,50651.2,51451.2,
-14,0.5,50651.1,51451.1,
-14,1,50650.4,51450.4,
-14,1.5,50650.5,51450.5,
-14,2,50743.16,51451.3,
-14,2.5,50844.04,51451.6,
-14,3,50894.4,51450.1,
-14,3.5,50798.94,51451.2,
-14,4,51937.47,51450.1,
-14,4.5,50792.25,51450.8,
-14,5,51115.71,51450.2,
-14,5.5,51171.33,51450.7,
-14,6,51231.21,51450.2,
-14,6.5,51219.01,51450.5,
-14,7,51310.75,51450.2,
-14,7.5,51357.91,51450.9,
-14,8,51240.39,51451.6,
-14,8.5,51245.61,51450.5,
-14,9,51290.83,51450.5,
-14,9.5,51169.64,51450.2,
-14,10,51288.84,51451.7,
-14,10.5,51283.74,51451.2,
-14,11,51290.14,51452.5,
-14,11.5,51307.37,51451.1,
-14,12,51270.72,51451.6,
-14,12.5,51324.23,51452,
-14,13,51356.76,51452.7,
-14,13.5,51369.42,51451.2,
-14,14,51412.58,51452.6,
-14,14.5,51406.14,51453,
-14,15,51401.21,51451.3,
-14,15.5,51381.07,51451,
-14,16,51372.08,51451.8,
-14,16.5,51372.63,51452.6,
-14,17,51364.27,51452.7,
-14,17.5,51356.67,51451.8,
-14,18,51287.7,51451.4,
-14,18.5,51361.3,51452.6,
-14,19,51471.6,51452.2,
-14,19.5,51394.3,51452.8,
-14,20,51378.37,51451,
-14,20.5,51331.32,51452.5,
-14,21,51384.81,51451.5,
-14,21.5,51368.56,51452.4,
-14,22,51373.49,51452.5,
-14,22.5,51403.28,51451.4,
-14,23,51387.27,51452.2,
-14,23.5,51335.49,51452.1,
-14,24,52251.6,51451.6,
-14,24.5,51417.64,51451.8,
-14,25,51386.03,51452.3,
-14,25.5,51392.99,51451.8,
-14,26,51394.68,51452.5,
-14,26.5,51423.39,51452.8,
-14,27,51399.2,51452,
-14,27.5,51400.37,51452.6,
-14,28,51392.95,51452.8,
-14.5,0,50651.6,51451.6,
-14.5,0.5,50651.3,51451.3,
-14.5,1,50651.5,51451.5,
-14.5,1.5,50653,51453,
-14.5,2,50777.27,51451.9,
-14.5,2.5,50875.99,51451.8,
-14.5,3,50880.69,51451.7,
-14.5,3.5,50831.48,51451.4,
-14.5,4,50651.9,51451.9,
-14.5,4.5,51017.1,51452.4,
-14.5,5,51474.95,51451.6,
-14.5,5.5,51189.93,51452.3,
-14.5,6,51201.28,51451.6,
-14.5,6.5,51230.53,51451.8,
-14.5,7,51577.3,51451.4,
-14.5,7.5,51226.87,51452.6,
-14.5,8,51251.89,51451.5,
-14.5,8.5,51272.36,51452.6,
-14.5,9,51388.23,51451.7,
-14.5,9.5,51275.28,51452.9,
-14.5,10,51294.99,51451.7,
-14.5,10.5,51359.21,51451.8,
-14.5,11,51381.13,51452.7,
-14.5,11.5,51308.62,51452.8,
-14.5,12,51306.52,51452.4,
-14.5,12.5,51331.6,51452,
-14.5,13,51302.68,51452.8,
-14.5,13.5,51420.43,51452.1,
-14.5,14,51395.96,51451.2,
-14.5,14.5,51440.53,51453,
-14.5,15,51424.88,51451.3,
-14.5,15.5,51392,51452.6,
-14.5,16,51412.44,51451.3,
-14.5,16.5,51381.71,51452.1,
-14.5,17,51409.04,51451.6,
-14.5,17.5,51401.58,51452.2,
-14.5,18,51361.07,51453,
-14.5,18.5,51348.7,51451.3,
-14.5,19,51412.39,51452.2,
-14.5,19.5,51392.07,51451.3,
-14.5,20,51379.99,51453,
-14.5,20.5,51434.6,51451.1,
-14.5,21,51434.84,51452.7,
-14.5,21.5,51507.98,51452.7,
-14.5,22,51360.96,51452.8,
-14.5,22.5,51390.01,51451.2,
-14.5,23,51402.95,51452.2,
-14.5,23.5,51409.56,51451.8,
-14.5,24,51362.36,51452.1,
-14.5,24.5,51419.89,51452.6,
-14.5,25,51396.26,51452.8,
-14.5,25.5,51399.33,51452.2,
-14.5,26,51391.51,51451.7,
-14.5,26.5,51384.96,51452.8,
-14.5,27,51375.3,51453,
-14.5,27.5,51379.77,51451.8,
-14.5,28,51385.67,51452.5,
-15,0,50651.1,51451.1,
-15,0.5,50651.9,51451.9,
-15,1,50651.8,51451.8,
-15,1.5,50651.4,51451.4,
-15,2,50745.01,51452.6,
-15,2.5,50820.3,51451.1,
-15,3,50871.74,51452.8,
-15,3.5,50967.69,51451.9,
-15,4,50651.6,51451.6,
-15,4.5,51122.15,51452.2,
-15,5,50967.79,51451.3,
-15,5.5,51115.69,51452.2,
-15,6,51225.72,51452.5,
-15,6.5,51233.23,51452.1,
-15,7,51186.83,51452.5,
-15,7.5,51243.14,51452.5,
-15,8,51238.94,51451.2,
-15,8.5,51259.27,51452,
-15,9,51231.35,51452.8,
-15,9.5,51375.91,51451.9,
-15,10,51171.56,51452.7,
-15,10.5,51345.14,51451.9,
-15,11,51324.35,51451.3,
-15,11.5,51323.51,51451.9,
-15,12,51422.62,51451.6,
-15,12.5,51278.34,51451.1,
-15,13,50765.25,51451.1,
-15,13.5,51494.31,51452.5,
-15,14,51470.61,51452.6,
-15,14.5,51373.51,51452.6,
-15,15,51418.6,51451.7,
-15,15.5,51411.7,51452.4,
-15,16,51401.27,51452.6,
-15,16.5,51426.04,51451.4,
-15,17,51413.37,51451.7,
-15,17.5,51415.19,51452.9,
-15,18,51340.98,51452.4,
-15,18.5,51345.59,51452.9,
-15,19,51409.57,51451.6,
-15,19.5,51271.93,51451.1,
-15,20,51396.4,51452.5,
-15,20.5,51419.69,51451.3,
-15,21,51407.54,51451.7,
-15,21.5,51408.41,51451.6,
-15,22,51348.84,51451.3,
-15,22.5,51394.38,51452.2,
-15,23,51395.89,51452.8,
-15,23.5,51229.84,51452.1,
-15,24,51400.01,51451.2,
-15,24.5,51426.81,51451.5,
-15,25,51407.3,51452.1,
-15,25.5,51393.5,51452.3,
-15,26,51371.88,51452.4,
-15,26.5,51404.02,51452.4,
-15,27,51399.21,51452.5,
-15,27.5,51347.71,51451.8,
-15,28,51377.54,51451.1,
-15.5,0,50651.6,51451.6,
-15.5,0.5,50652.4,51452.4,
-15.5,1,50652.7,51452.7,
-15.5,1.5,50652.3,51452.3,
-15.5,2,50652.5,51452.5,
-15.5,2.5,50788.28,51452.7,
-15.5,3,50846.85,51452.3,
-15.5,3.5,50876.85,51451.9,
-15.5,4,50995.56,51452.1,
-15.5,4.5,51044.78,51451.3,
-15.5,5,51331.21,51451.2,
-15.5,5.5,51095.54,51451.5,
-15.5,6,51191.76,51451.5,
-15.5,6.5,51152.41,51451.9,
-15.5,7,51314.11,51451.3,
-15.5,7.5,51277.38,51452.3,
-15.5,8,51280.5,51451.2,
-15.5,8.5,51260.59,51452.2,
-15.5,9,51456.2,51452.7,
-15.5,9.5,51372.89,51452.2,
-15.5,10,51339.36,51452.4,
-15.5,10.5,51247.78,51451.3,
-15.5,11,51394.09,51452.7,
-15.5,11.5,51378.92,51451.7,
-15.5,12,51285.66,51451.3,
-15.5,12.5,51447.38,51451.2,
-15.5,13,51665.71,51451.1,
-15.5,13.5,51364.09,51451.3,
-15.5,14,51204.22,51451.8,
-15.5,14.5,51352.24,51451.9,
-15.5,15,51390.95,51452,
-15.5,15.5,51395.86,51453,
-15.5,16,51384.9,51451.3,
-15.5,16.5,51403.58,51451.3,
-15.5,17,51398.34,51452.8,
-15.5,17.5,51429.06,51452.7,
-15.5,18,51387.88,51451.5,
-15.5,18.5,51399.3,51452.2,
-15.5,19,51374.97,51452.3,
-15.5,19.5,51427.27,51451.2,
-15.5,20,51326.45,51451.1,
-15.5,20.5,51383.74,51452.1,
-15.5,21,51454.48,51452.4,
-15.5,21.5,51430.22,51452.1,
-15.5,22,51415.96,51451.7,
-15.5,22.5,51398.01,51452.2,
-15.5,23,51396.89,51452.7,
-15.5,23.5,51407.61,51451.3,
-15.5,24,51390.75,51452.9,
-15.5,24.5,51407.46,51451.5,
-15.5,25,51425.04,51452.2,
-15.5,25.5,51367.75,51452.9,
-15.5,26,51370.93,51452,
-15.5,26.5,51392.94,51451.9,
-15.5,27,51398.85,51452.7,
-15.5,27.5,51395.52,51451.7,
-15.5,28,51368.06,51451.2,
-16,0,50652.3,51452.3,
-16,0.5,50652.3,51452.3,
-16,1,50652.3,51452.3,
-16,1.5,50651.4,51451.4,
-16,2,50652.8,51452.8,
-16,2.5,50754.71,51452.6,
-16,3,50839.55,51452.8,
-16,3.5,50972.71,51452.6,
-16,4,50651.8,51451.8,
-16,4.5,51066.34,51452.2,
-16,5,51121.33,51452.3,
-16,5.5,51209.91,51451.5,
-16,6,51211.06,51451.5,
-16,6.5,51225.49,51452.1,
-16,7,51282.58,51452.6,
-16,7.5,51286.52,51452.1,
-16,8,51261.99,51452.9,
-16,8.5,51244.5,51451.7,
-16,9,51284,51452.4,
-16,9.5,51298.07,51452.9,
-16,10,51238.52,51451.4,
-16,10.5,51348.62,51452.6,
-16,11,51393.34,51451.1,
-16,11.5,51308.83,51451.6,
-16,12,51726.28,51451.6,
-16,12.5,51713.96,51452.8,
-16,13,51154.95,51451.1,
-16,13.5,51413.61,51453,
-16,14,51437.03,51451.8,
-16,14.5,51377.19,51451.6,
-16,15,51313.66,51452.5,
-16,15.5,51506.81,51451.2,
-16,16,51367.34,51452.1,
-16,16.5,51426.98,51452.9,
-16,17,51514.76,51452.5,
-16,17.5,51416.21,51451.4,
-16,18,51436.96,51451.9,
-16,18.5,51434.03,51451.9,
-16,19,51445.56,51451.4,
-16,19.5,51434.87,51451.5,
-16,20,51435.06,51451.1,
-16,20.5,51431.71,51452.3,
-16,21,51430.34,51452.7,
-16,21.5,51418.67,51452.9,
-16,22,51385.27,51451.8,
-16,22.5,51410.49,51452.5,
-16,23,51407.1,51451.4,
-16,23.5,51392.73,51452.5,
-16,24,51414.6,51452.4,
-16,24.5,51425.39,51452.8,
-16,25,51514.86,51451.1,
-16,25.5,51176.38,51451.7,
-16,26,51369.54,51452,
-16,26.5,51363.88,51451.6,
-16,27,51357.94,51451.5,
-16,27.5,51367.69,51452.8,
-16,28,51365.38,51451.4,
